ID,Nome,Cognome,Data_Nascita,Email,Servizio,Abbonamento,Scadenza_Certificato,Ultimo_Accesso,Scadenza_Abbonamento
1,Beatrice,Ferrari,1951-06-17,beatrice.ferrari49@gmail.com,Piscina,Annuale,2027-05-20,2025-04-03,2028-02-21
2,Giulia,Russo,1966-02-19,giulia.russo68@yahoo.com,Piscina,Mensile,2028-06-28,2026-01-03,2025-04-01
3,Davide,Ricci,2006-03-29,davide.ricci75@gmail.com,Piscina,Mensile,2027-03-24,2025-03-26,2028-08-20
4,Beatrice,Ricci,1972-03-16,beatrice.ricci81@gmail.com,Piscina,Mensile,2027-08-07,2025-08-27,2027-08-08
5,Davide,Ricci,1958-10-12,davide.ricci87@yahoo.com,Piscina,Mensile,2027-01-10,2025-09-25,2028-10-09
6,Riccardo,Ricci,1961-12-31,riccardo.ricci36@icloud.com,Piscina,Trimestrale,2028-08-13,2025-06-19,2028-06-30
7,Simone,Romano,1989-02-08,simone.romano66@icloud.com,Piscina,Semestrale,2026-06-13,2025-07-27,2026-09-12
8,Riccardo,Zappa,1952-05-20,riccardo.zappa82@icloud.com,Piscina,Trimestrale,2028-04-09,2025-06-02,2028-11-22
9,Sara,Colombo,1963-04-29,sara.colombo39@outlook.it,Piscina,Semestrale,2026-08-21,2025-10-18,2026-04-14
10,Valentina,Ricci,2007-06-18,valentina.ricci85@icloud.com,Piscina,Mensile,2027-03-25,2025-05-12,2028-07-06
11,Alessandro,Marino,1966-07-19,alessandro.marino31@outlook.it,Piscina,Annuale,2028-06-03,2026-01-24,2025-06-15
12,Alice,Ricci,1965-03-10,alice.ricci13@yahoo.com,Piscina,Trimestrale,2027-02-15,2025-03-26,2026-05-02
13,Davide,Verdi,1993-03-01,davide.verdi27@icloud.com,Piscina,Mensile,2027-12-07,2025-11-10,2027-02-13
14,Alice,Russo,1989-01-22,alice.russo29@gmail.com,Piscina,Semestrale,2026-09-12,2025-02-06,2025-06-18
15,Giulia,Conti,1992-10-03,giulia.conti54@yahoo.com,Piscina,Mensile,2027-01-10,2025-10-01,2025-08-09
16,Alice,Gallo,1982-08-04,alice.gallo53@yahoo.com,Piscina,Annuale,2028-06-12,2025-04-24,2027-01-10
17,Elena,Ricci,1946-07-23,elena.ricci21@outlook.it,Piscina,Annuale,2026-11-11,2025-06-02,2026-02-11
18,Beatrice,Rossi,2006-02-27,beatrice.rossi49@icloud.com,Piscina,Semestrale,2028-08-14,2025-09-27,2026-02-11
19,Chiara,Ferrari,1993-10-20,chiara.ferrari74@outlook.it,Piscina,Trimestrale,2028-03-30,2025-07-26,2027-06-03
20,Marco,Romano,1949-05-25,marco.romano1@outlook.it,Piscina,Trimestrale,2027-01-09,2025-02-28,2027-01-11
21,Matteo,Moretti,2011-04-14,matteo.moretti79@gmail.com,Piscina,Mensile,2027-07-06,2025-04-23,2026-02-11
22,Chiara,Gallo,2000-03-17,chiara.gallo20@outlook.it,Piscina,Annuale,2027-11-07,2025-12-15,2028-09-02
23,Davide,Ricci,1965-10-12,davide.ricci63@icloud.com,Piscina,Mensile,2028-03-03,2025-08-28,2025-04-02
24,Elena,Moretti,1975-10-12,elena.moretti14@outlook.it,Piscina,Semestrale,2028-05-08,2025-03-09,2028-01-04
25,Marco,Russo,2003-07-08,marco.russo26@yahoo.com,Piscina,Trimestrale,2026-08-29,2025-01-22,2028-03-04
26,Riccardo,Marino,1952-09-14,riccardo.marino15@outlook.it,Piscina,Semestrale,2026-04-23,2025-09-14,2025-05-09
27,Alessandro,Ricci,1948-11-15,alessandro.ricci35@outlook.it,Piscina,Annuale,2028-07-20,2025-03-12,2025-07-18
28,Cristiano,Bianchi,1969-04-21,cristiano.bianchi83@icloud.com,Piscina,Trimestrale,2028-01-01,2025-01-05,2027-03-03
29,Alessandro,Gallo,1958-05-05,alessandro.gallo69@yahoo.com,Piscina,Trimestrale,2026-11-25,2025-09-29,2026-06-27
30,Riccardo,Verdi,1998-09-27,riccardo.verdi72@yahoo.com,Piscina,Trimestrale,2028-10-25,2026-01-15,2028-02-20
31,Simone,Gallo,1990-03-04,simone.gallo27@outlook.it,Piscina,Annuale,2026-11-05,2025-06-12,2028-09-28
32,Giulia,Ferrari,1996-08-13,giulia.ferrari88@yahoo.com,Piscina,Semestrale,2026-06-24,2026-01-02,2025-12-08
33,Giulia,Bianchi,1987-03-20,giulia.bianchi91@yahoo.com,Piscina,Trimestrale,2028-02-28,2025-11-02,2026-03-28
34,Marco,Zappa,1993-01-23,marco.zappa1@icloud.com,Piscina,Semestrale,2028-11-15,2026-01-19,2025-08-17
35,Simone,Ferrari,2000-03-31,simone.ferrari44@gmail.com,Piscina,Trimestrale,2027-12-10,2025-01-02,2025-09-12
36,Beatrice,Romano,1996-04-08,beatrice.romano60@yahoo.com,Piscina,Annuale,2027-02-11,2025-11-02,2026-01-27
37,Chiara,Piccoli,1961-02-11,chiara.piccoli19@icloud.com,Piscina,Semestrale,2026-04-06,2025-09-26,2028-07-04
38,Sara,Ferrari,1990-04-22,sara.ferrari18@gmail.com,Piscina,Semestrale,2028-08-09,2026-01-13,2028-12-28
39,Chiara,Rossi,1957-10-16,chiara.rossi26@outlook.it,Piscina,Annuale,2026-06-01,2025-02-14,2025-09-10
40,Simone,Colombo,2011-07-21,simone.colombo6@icloud.com,Piscina,Trimestrale,2026-11-28,2026-01-28,2027-10-24
41,Simone,Moretti,1959-04-16,simone.moretti43@yahoo.com,Piscina,Trimestrale,2028-03-17,2025-08-28,2028-04-20
42,Beatrice,Bianchi,2000-09-09,beatrice.bianchi90@yahoo.com,Piscina,Semestrale,2028-04-01,2025-11-10,2026-12-20
43,Sara,Marino,1982-03-31,sara.marino51@outlook.it,Piscina,Annuale,2028-03-15,2025-02-26,2027-02-23
44,Alessandro,Marino,1971-04-29,alessandro.marino29@gmail.com,Piscina,Semestrale,2027-03-22,2025-11-11,2025-05-20
45,Matteo,Russo,1997-12-30,matteo.russo79@outlook.it,Piscina,Mensile,2026-02-19,2025-04-23,2025-08-13
46,Elena,Verdi,1987-05-24,elena.verdi94@yahoo.com,Piscina,Trimestrale,2026-12-26,2025-08-19,2027-03-14
47,Davide,Romano,1981-06-21,davide.romano80@gmail.com,Piscina,Trimestrale,2027-04-16,2025-02-02,2025-07-21
48,Davide,Rossi,2013-07-04,davide.rossi17@outlook.it,Piscina,Semestrale,2026-06-05,2025-08-13,2025-01-03
49,Davide,Verdi,1983-09-14,davide.verdi2@icloud.com,Piscina,Mensile,2027-07-21,2025-11-11,2027-09-02
50,Valentina,Moretti,2009-10-13,valentina.moretti8@yahoo.com,Piscina,Trimestrale,2027-05-10,2025-07-05,2025-05-30
51,Cristiano,Zappa,1984-04-15,cristiano.zappa64@outlook.it,Piscina,Mensile,2026-07-10,2025-03-20,2028-09-20
52,Simone,Conti,1984-07-07,simone.conti24@yahoo.com,Piscina,Trimestrale,2026-12-31,2025-06-09,2028-03-30
53,Davide,Marino,1946-01-24,davide.marino97@yahoo.com,Piscina,Trimestrale,2027-08-18,2025-09-16,2025-12-10
54,Matteo,Colombo,1952-09-08,matteo.colombo6@outlook.it,Piscina,Annuale,2027-06-02,2025-10-24,2026-12-01
55,Beatrice,Marino,1961-07-08,beatrice.marino95@outlook.it,Piscina,Trimestrale,2028-06-21,2025-08-03,2028-03-12
56,Davide,Romano,1971-07-13,davide.romano54@icloud.com,Piscina,Annuale,2026-06-15,2025-06-03,2025-09-06
57,Davide,Verdi,1976-07-20,davide.verdi95@outlook.it,Piscina,Trimestrale,2028-09-29,2025-12-18,2028-02-19
58,Cristiano,Colombo,1978-03-14,cristiano.colombo27@outlook.it,Piscina,Annuale,2028-03-28,2026-01-03,2027-02-01
59,Simone,Moretti,1988-10-21,simone.moretti73@outlook.it,Piscina,Semestrale,2026-06-26,2025-11-26,2026-01-13
60,Marco,Ricci,1977-08-05,marco.ricci31@gmail.com,Piscina,Annuale,2028-07-22,2025-05-29,2028-03-08
61,Elena,Bianchi,2007-07-15,elena.bianchi12@yahoo.com,Piscina,Annuale,2028-03-24,2025-01-30,2028-04-12
62,Alessandro,Ferrari,1965-03-31,alessandro.ferrari82@outlook.it,Piscina,Semestrale,2026-10-12,2025-12-25,2028-09-03
63,Davide,Marino,1990-05-06,davide.marino67@icloud.com,Piscina,Trimestrale,2026-12-19,2025-02-14,2026-11-16
64,Simone,Colombo,2014-03-15,simone.colombo26@icloud.com,Piscina,Trimestrale,2027-04-20,2025-02-19,2026-04-23
65,Alessandro,Moretti,1981-02-08,alessandro.moretti41@icloud.com,Piscina,Trimestrale,2028-01-04,2025-01-29,2028-10-10
66,Valentina,Colombo,2011-05-23,valentina.colombo42@outlook.it,Piscina,Semestrale,2027-08-20,2025-07-25,2026-03-30
67,Sara,Piccoli,1973-05-13,sara.piccoli55@gmail.com,Piscina,Semestrale,2026-09-03,2025-10-04,2027-09-30
68,Chiara,Verdi,1974-10-14,chiara.verdi59@icloud.com,Piscina,Annuale,2027-07-11,2025-09-03,2027-06-01
69,Giulia,Marino,1958-02-07,giulia.marino80@gmail.com,Piscina,Mensile,2027-08-13,2026-01-10,2025-07-11
70,Giulia,Russo,2000-10-25,giulia.russo68@outlook.it,Piscina,Semestrale,2028-10-29,2025-03-10,2026-06-27
71,Marco,Russo,2015-07-17,marco.russo93@icloud.com,Piscina,Annuale,2028-10-12,2025-09-29,2028-03-26
72,Alessandro,Conti,1998-12-15,alessandro.conti95@outlook.it,Piscina,Trimestrale,2028-12-04,2025-01-05,2028-08-20
73,Alice,Marino,1981-03-25,alice.marino12@yahoo.com,Piscina,Mensile,2028-10-11,2025-12-03,2025-01-19
74,Matteo,Romano,2008-04-04,matteo.romano55@outlook.it,Piscina,Trimestrale,2028-06-21,2025-12-10,2025-06-20
75,Cristiano,Verdi,1958-02-01,cristiano.verdi74@gmail.com,Piscina,Mensile,2028-11-30,2025-06-06,2026-03-14
76,Matteo,Russo,1952-04-20,matteo.russo90@outlook.it,Piscina,Trimestrale,2026-08-01,2025-03-07,2025-12-13
77,Simone,Bianchi,1971-12-13,simone.bianchi95@gmail.com,Piscina,Mensile,2026-04-04,2025-05-25,2026-05-25
78,Chiara,Marino,1996-01-19,chiara.marino81@gmail.com,Piscina,Semestrale,2028-03-29,2026-01-08,2026-02-15
79,Matteo,Gallo,1950-12-07,matteo.gallo33@icloud.com,Piscina,Annuale,2026-02-24,2025-08-11,2026-08-14
80,Beatrice,Conti,1967-10-12,beatrice.conti25@outlook.it,Piscina,Annuale,2028-04-14,2025-03-12,2027-01-16
81,Sara,Piccoli,1959-04-16,sara.piccoli7@yahoo.com,Piscina,Semestrale,2027-07-26,2025-01-24,2025-05-13
82,Valentina,Gallo,1973-08-04,valentina.gallo72@outlook.it,Piscina,Semestrale,2027-05-10,2025-06-30,2026-09-15
83,Cristiano,Romano,1964-11-11,cristiano.romano61@icloud.com,Piscina,Trimestrale,2028-04-20,2025-07-30,2027-01-07
84,Sara,Rossi,2001-11-21,sara.rossi11@outlook.it,Piscina,Trimestrale,2026-04-22,2025-07-13,2025-03-30
85,Sara,Colombo,2013-06-12,sara.colombo73@gmail.com,Piscina,Semestrale,2028-12-01,2025-12-26,2025-08-19
86,Riccardo,Moretti,1985-09-02,riccardo.moretti23@icloud.com,Piscina,Trimestrale,2026-08-29,2026-01-30,2025-02-13
87,Sara,Rossi,1972-04-23,sara.rossi54@icloud.com,Piscina,Annuale,2027-10-26,2025-08-29,2026-03-14
88,Giulia,Zappa,1988-07-30,giulia.zappa51@gmail.com,Piscina,Annuale,2026-05-31,2025-07-18,2028-10-21
89,Alessandro,Bianchi,1959-05-09,alessandro.bianchi86@icloud.com,Piscina,Annuale,2028-04-03,2026-01-11,2028-03-22
90,Marco,Romano,1966-07-05,marco.romano79@outlook.it,Piscina,Mensile,2027-10-06,2025-11-01,2026-04-11
91,Marco,Marino,2011-04-06,marco.marino45@gmail.com,Piscina,Semestrale,2027-08-17,2025-11-04,2025-12-19
92,Alessandro,Moretti,1972-07-25,alessandro.moretti71@gmail.com,Piscina,Trimestrale,2026-04-08,2025-06-05,2025-04-25
93,Alice,Russo,1988-07-23,alice.russo99@icloud.com,Piscina,Semestrale,2028-05-13,2025-10-13,2025-05-12
94,Elena,Verdi,1963-06-17,elena.verdi32@outlook.it,Piscina,Mensile,2028-05-14,2025-04-30,2027-07-23
95,Elena,Gallo,1977-12-11,elena.gallo24@yahoo.com,Piscina,Trimestrale,2027-02-26,2025-01-07,2027-11-17
96,Chiara,Zappa,2006-11-03,chiara.zappa78@gmail.com,Piscina,Annuale,2028-01-31,2025-09-13,2025-05-24
97,Davide,Ferrari,1976-09-14,davide.ferrari72@gmail.com,Piscina,Mensile,2028-07-26,2025-06-28,2028-12-30
98,Chiara,Russo,1973-12-30,chiara.russo1@yahoo.com,Piscina,Semestrale,2026-09-23,2025-01-01,2026-05-22
99,Marco,Russo,1952-01-08,marco.russo34@outlook.it,Piscina,Mensile,2026-05-10,2025-02-09,2026-07-02
100,Davide,Colombo,1951-08-09,davide.colombo92@yahoo.com,Piscina,Trimestrale,2027-08-04,2025-08-10,2028-10-05
101,Alessandro,Colombo,2015-05-21,alessandro.colombo22@gmail.com,Piscina,Mensile,2026-08-10,2025-09-18,2027-11-22
102,Davide,Rossi,2005-08-28,davide.rossi13@icloud.com,Piscina,Trimestrale,2026-11-18,2025-03-06,2028-10-14
103,Sara,Moretti,1949-10-14,sara.moretti84@gmail.com,Piscina,Semestrale,2026-09-19,2025-08-03,2028-11-07
104,Valentina,Colombo,1971-01-30,valentina.colombo1@yahoo.com,Piscina,Semestrale,2028-01-29,2026-01-05,2028-12-20
105,Marco,Zappa,1981-10-31,marco.zappa21@icloud.com,Piscina,Annuale,2026-03-21,2025-02-26,2027-12-21
106,Beatrice,Colombo,1951-04-05,beatrice.colombo35@icloud.com,Piscina,Trimestrale,2028-01-21,2025-01-13,2028-07-31
107,Chiara,Colombo,2004-05-29,chiara.colombo83@outlook.it,Piscina,Trimestrale,2027-05-12,2025-10-24,2025-12-20
108,Beatrice,Moretti,1981-05-22,beatrice.moretti44@gmail.com,Piscina,Trimestrale,2028-03-01,2025-04-02,2028-08-07
109,Marco,Marino,1979-03-17,marco.marino37@yahoo.com,Piscina,Annuale,2028-10-10,2025-09-18,2026-07-07
110,Marco,Colombo,1966-10-06,marco.colombo44@outlook.it,Piscina,Semestrale,2027-04-09,2025-09-01,2025-10-23
111,Elena,Marino,1985-03-07,elena.marino61@icloud.com,Piscina,Semestrale,2026-04-26,2025-08-28,2028-04-17
112,Beatrice,Russo,1999-01-27,beatrice.russo21@icloud.com,Piscina,Semestrale,2027-01-14,2025-03-09,2027-12-17
113,Matteo,Ferrari,2015-09-14,matteo.ferrari48@outlook.it,Piscina,Annuale,2026-02-13,2025-02-09,2026-01-07
114,Beatrice,Ricci,1954-07-04,beatrice.ricci97@gmail.com,Piscina,Mensile,2028-04-13,2025-08-23,2027-07-16
115,Davide,Romano,1961-09-17,davide.romano49@outlook.it,Piscina,Semestrale,2027-06-28,2026-01-31,2026-12-08
116,Sara,Ricci,1963-11-18,sara.ricci7@gmail.com,Piscina,Semestrale,2028-11-17,2025-01-22,2026-01-27
117,Giulia,Romano,2000-06-27,giulia.romano75@gmail.com,Piscina,Mensile,2028-04-25,2025-07-26,2025-08-15
118,Valentina,Rossi,1949-05-06,valentina.rossi72@yahoo.com,Piscina,Annuale,2027-02-24,2025-02-11,2027-12-19
119,Davide,Moretti,2015-10-09,davide.moretti11@yahoo.com,Piscina,Semestrale,2028-11-24,2025-04-28,2027-03-16
120,Sara,Marino,1979-12-23,sara.marino8@yahoo.com,Piscina,Trimestrale,2028-01-22,2026-01-02,2025-05-17
121,Beatrice,Verdi,1979-01-12,beatrice.verdi83@icloud.com,Piscina,Mensile,2026-03-19,2025-03-25,2025-01-22
122,Chiara,Rossi,1981-01-17,chiara.rossi6@outlook.it,Piscina,Semestrale,2026-07-23,2025-08-08,2025-06-06
123,Matteo,Moretti,1965-10-04,matteo.moretti78@yahoo.com,Piscina,Trimestrale,2028-01-30,2025-01-07,2025-09-05
124,Chiara,Colombo,2013-02-09,chiara.colombo24@gmail.com,Piscina,Mensile,2026-04-16,2025-10-21,2025-02-03
125,Elena,Russo,1959-10-18,elena.russo8@outlook.it,Piscina,Mensile,2026-06-12,2025-01-11,2028-07-16
126,Beatrice,Moretti,1958-09-20,beatrice.moretti25@yahoo.com,Piscina,Semestrale,2027-11-13,2025-05-24,2025-05-06
127,Elena,Bianchi,1951-04-16,elena.bianchi66@outlook.it,Piscina,Semestrale,2026-06-16,2025-05-17,2026-06-16
128,Simone,Ferrari,1946-02-23,simone.ferrari22@gmail.com,Piscina,Annuale,2027-12-28,2025-04-02,2025-04-30
129,Elena,Rossi,2014-08-20,elena.rossi99@yahoo.com,Piscina,Annuale,2028-01-30,2025-06-13,2027-06-05
130,Davide,Gallo,1948-05-06,davide.gallo71@yahoo.com,Piscina,Semestrale,2027-03-28,2025-05-14,2027-06-27
131,Valentina,Marino,1973-06-30,valentina.marino40@gmail.com,Piscina,Annuale,2026-08-03,2025-07-10,2028-12-30
132,Sara,Piccoli,1981-07-29,sara.piccoli30@icloud.com,Piscina,Semestrale,2028-06-14,2025-03-03,2028-12-14
133,Sara,Russo,1979-04-19,sara.russo21@yahoo.com,Piscina,Mensile,2026-09-28,2025-04-26,2028-10-13
134,Cristiano,Bianchi,2002-10-09,cristiano.bianchi90@icloud.com,Piscina,Trimestrale,2028-02-04,2025-10-17,2027-02-14
135,Chiara,Zappa,1969-09-09,chiara.zappa40@gmail.com,Piscina,Trimestrale,2028-10-05,2025-04-02,2025-06-16
136,Riccardo,Conti,1953-03-06,riccardo.conti35@outlook.it,Piscina,Mensile,2028-02-27,2025-09-14,2027-03-06
137,Beatrice,Moretti,1953-08-14,beatrice.moretti72@outlook.it,Piscina,Mensile,2027-11-13,2025-01-27,2025-06-10
138,Elena,Romano,1973-09-22,elena.romano75@icloud.com,Piscina,Mensile,2028-07-22,2025-04-21,2026-08-30
139,Alice,Marino,1984-11-07,alice.marino65@icloud.com,Piscina,Trimestrale,2026-02-13,2025-01-07,2025-05-06
140,Simone,Conti,1969-06-30,simone.conti81@gmail.com,Piscina,Trimestrale,2028-05-03,2025-09-07,2027-11-26
141,Cristiano,Gallo,1969-03-18,cristiano.gallo12@gmail.com,Piscina,Semestrale,2027-03-27,2025-09-20,2028-06-07
142,Davide,Colombo,1967-05-25,davide.colombo99@yahoo.com,Piscina,Trimestrale,2026-03-20,2025-01-03,2028-10-20
143,Alessandro,Romano,1954-11-30,alessandro.romano10@outlook.it,Piscina,Trimestrale,2026-08-22,2025-03-16,2028-12-26
144,Alessandro,Rossi,2010-04-13,alessandro.rossi20@yahoo.com,Piscina,Mensile,2026-10-12,2025-02-02,2027-05-03
145,Giulia,Verdi,1959-07-29,giulia.verdi70@yahoo.com,Piscina,Semestrale,2026-03-22,2025-09-01,2026-03-21
146,Davide,Marino,1982-10-13,davide.marino93@gmail.com,Piscina,Trimestrale,2026-08-11,2025-11-30,2027-04-08
147,Davide,Piccoli,1999-04-14,davide.piccoli66@outlook.it,Piscina,Mensile,2026-03-29,2025-11-23,2028-11-06
148,Simone,Moretti,1956-10-19,simone.moretti29@gmail.com,Piscina,Mensile,2026-03-12,2025-08-05,2026-06-13
149,Elena,Verdi,1954-08-10,elena.verdi22@yahoo.com,Piscina,Semestrale,2027-05-12,2025-01-05,2028-08-10
150,Davide,Rossi,1969-11-27,davide.rossi44@gmail.com,Piscina,Mensile,2028-10-07,2026-01-16,2025-10-20
151,Beatrice,Colombo,1954-03-16,beatrice.colombo53@gmail.com,Piscina,Mensile,2027-07-06,2025-05-25,2026-11-19
152,Marco,Gallo,1972-08-23,marco.gallo46@yahoo.com,Piscina,Semestrale,2028-06-28,2025-11-24,2027-02-26
153,Matteo,Conti,1998-04-20,matteo.conti80@gmail.com,Piscina,Semestrale,2028-06-27,2025-10-29,2025-01-04
154,Marco,Conti,1967-03-06,marco.conti83@icloud.com,Piscina,Trimestrale,2027-10-23,2025-11-15,2027-10-18
155,Cristiano,Rossi,1983-08-31,cristiano.rossi26@icloud.com,Piscina,Trimestrale,2026-12-22,2025-12-31,2027-03-16
156,Chiara,Marino,1979-11-18,chiara.marino80@yahoo.com,Piscina,Mensile,2027-09-26,2025-12-17,2028-08-30
157,Marco,Conti,1963-08-17,marco.conti1@gmail.com,Piscina,Annuale,2027-11-29,2025-04-22,2028-12-19
158,Alice,Ricci,1974-06-28,alice.ricci36@gmail.com,Piscina,Annuale,2028-02-18,2025-04-06,2026-10-11
159,Riccardo,Moretti,1980-08-18,riccardo.moretti25@icloud.com,Piscina,Trimestrale,2026-07-01,2025-07-28,2027-10-15
160,Alessandro,Romano,1985-05-08,alessandro.romano7@yahoo.com,Piscina,Trimestrale,2026-04-14,2025-03-24,2026-03-25
161,Giulia,Rossi,1976-09-14,giulia.rossi34@outlook.it,Piscina,Trimestrale,2026-10-19,2025-08-01,2025-10-05
162,Cristiano,Bianchi,2015-01-13,cristiano.bianchi44@yahoo.com,Piscina,Trimestrale,2026-09-16,2025-09-22,2027-08-08
163,Riccardo,Moretti,1950-07-19,riccardo.moretti41@icloud.com,Piscina,Mensile,2026-10-08,2025-09-12,2025-06-13
164,Riccardo,Romano,2009-02-13,riccardo.romano29@outlook.it,Piscina,Semestrale,2027-02-07,2025-12-23,2027-04-03
165,Valentina,Marino,1971-01-09,valentina.marino19@outlook.it,Piscina,Semestrale,2027-05-01,2025-09-14,2026-07-02
166,Alessandro,Verdi,1968-07-20,alessandro.verdi16@gmail.com,Piscina,Mensile,2027-12-16,2025-10-28,2026-10-25
167,Chiara,Piccoli,1965-11-17,chiara.piccoli63@yahoo.com,Piscina,Semestrale,2027-07-19,2025-10-04,2026-04-14
168,Chiara,Romano,1990-11-07,chiara.romano95@icloud.com,Piscina,Semestrale,2026-11-12,2025-08-23,2025-04-15
169,Simone,Rossi,1947-01-27,simone.rossi58@icloud.com,Piscina,Semestrale,2026-11-10,2025-06-03,2026-02-10
170,Sara,Ricci,1954-05-25,sara.ricci68@icloud.com,Piscina,Semestrale,2027-07-22,2025-08-04,2027-01-19
171,Cristiano,Zappa,1962-09-25,cristiano.zappa67@outlook.it,Piscina,Mensile,2027-04-14,2025-04-05,2028-02-08
172,Chiara,Moretti,1958-02-14,chiara.moretti37@icloud.com,Piscina,Annuale,2027-07-22,2025-08-06,2025-10-12
173,Davide,Moretti,2000-08-04,davide.moretti22@icloud.com,Piscina,Annuale,2027-05-31,2025-07-14,2025-12-12
174,Sara,Romano,1949-12-07,sara.romano76@yahoo.com,Piscina,Mensile,2026-04-30,2026-02-05,2026-11-23
175,Davide,Moretti,1992-04-21,davide.moretti57@outlook.it,Piscina,Semestrale,2028-01-05,2025-05-07,2025-09-07
176,Elena,Piccoli,1954-03-15,elena.piccoli96@outlook.it,Piscina,Semestrale,2028-12-03,2025-08-06,2028-08-11
177,Alice,Moretti,1966-05-23,alice.moretti52@icloud.com,Piscina,Annuale,2027-07-29,2026-01-15,2025-05-08
178,Simone,Piccoli,1958-08-07,simone.piccoli24@yahoo.com,Piscina,Mensile,2026-03-15,2025-10-06,2027-04-15
179,Alessandro,Romano,1989-04-30,alessandro.romano14@icloud.com,Piscina,Annuale,2028-12-25,2025-05-29,2027-09-20
180,Elena,Gallo,1974-11-23,elena.gallo82@icloud.com,Piscina,Trimestrale,2027-12-14,2026-01-16,2027-02-23
181,Davide,Gallo,1958-01-20,davide.gallo76@outlook.it,Piscina,Semestrale,2028-08-01,2025-03-14,2026-03-11
182,Cristiano,Romano,2007-07-06,cristiano.romano88@outlook.it,Piscina,Semestrale,2026-12-07,2025-10-26,2025-03-08
183,Elena,Gallo,1973-04-05,elena.gallo68@icloud.com,Piscina,Semestrale,2027-09-13,2025-01-04,2025-11-22
184,Alice,Ricci,1967-10-25,alice.ricci64@outlook.it,Piscina,Trimestrale,2026-12-16,2025-04-17,2028-06-21
185,Davide,Marino,2007-10-03,davide.marino13@outlook.it,Piscina,Annuale,2026-07-13,2025-12-12,2025-04-03
186,Giulia,Romano,1965-05-16,giulia.romano80@outlook.it,Piscina,Annuale,2027-05-29,2025-11-01,2026-03-10
187,Sara,Verdi,1985-09-02,sara.verdi91@icloud.com,Piscina,Mensile,2027-01-20,2025-08-03,2025-02-08
188,Beatrice,Bianchi,2002-12-17,beatrice.bianchi27@gmail.com,Piscina,Trimestrale,2028-10-24,2025-04-11,2027-03-08
189,Davide,Piccoli,2003-08-28,davide.piccoli66@gmail.com,Piscina,Trimestrale,2028-11-26,2025-01-24,2027-08-03
190,Chiara,Romano,1947-10-09,chiara.romano32@yahoo.com,Piscina,Mensile,2026-05-10,2025-07-22,2025-06-13
191,Beatrice,Ricci,1975-02-08,beatrice.ricci57@yahoo.com,Piscina,Mensile,2028-08-04,2025-02-07,2025-11-01
192,Giulia,Romano,1962-11-08,giulia.romano28@outlook.it,Piscina,Mensile,2027-01-26,2025-04-19,2025-02-16
193,Matteo,Piccoli,1976-09-11,matteo.piccoli66@icloud.com,Piscina,Annuale,2026-09-18,2025-07-01,2028-07-26
194,Alice,Ricci,1967-03-30,alice.ricci97@icloud.com,Piscina,Annuale,2027-09-09,2025-05-11,2026-08-11
195,Riccardo,Ricci,1989-01-09,riccardo.ricci50@yahoo.com,Piscina,Trimestrale,2026-10-03,2025-03-30,2026-02-17
196,Davide,Verdi,1999-01-08,davide.verdi65@outlook.it,Piscina,Annuale,2027-06-26,2025-10-22,2028-11-19
197,Beatrice,Piccoli,1981-01-04,beatrice.piccoli47@outlook.it,Piscina,Semestrale,2026-02-08,2025-05-22,2026-02-21
198,Giulia,Colombo,1980-07-18,giulia.colombo8@yahoo.com,Piscina,Trimestrale,2026-12-17,2025-10-18,2028-08-24
199,Elena,Russo,1972-07-22,elena.russo97@gmail.com,Piscina,Annuale,2028-08-26,2025-04-01,2027-08-09
200,Elena,Moretti,1948-10-09,elena.moretti80@icloud.com,Piscina,Trimestrale,2028-04-11,2025-09-30,2028-03-26
201,Elena,Colombo,1952-08-21,elena.colombo69@icloud.com,Piscina,Mensile,2028-08-06,2025-09-24,2026-04-16
202,Marco,Bianchi,1986-12-18,marco.bianchi75@icloud.com,Piscina,Semestrale,2027-04-15,2025-05-02,2027-03-16
203,Elena,Gallo,2006-11-13,elena.gallo22@yahoo.com,Piscina,Annuale,2028-04-05,2025-03-14,2026-04-01
204,Alessandro,Gallo,1996-06-08,alessandro.gallo95@yahoo.com,Piscina,Mensile,2027-04-05,2025-07-23,2027-04-15
205,Chiara,Romano,2008-10-07,chiara.romano72@outlook.it,Piscina,Semestrale,2028-05-21,2025-07-18,2025-05-25
206,Beatrice,Colombo,2004-05-17,beatrice.colombo9@yahoo.com,Piscina,Mensile,2026-12-04,2025-11-02,2028-10-13
207,Riccardo,Moretti,1991-12-13,riccardo.moretti42@icloud.com,Piscina,Trimestrale,2027-02-28,2025-05-12,2027-07-03
208,Valentina,Russo,2014-05-20,valentina.russo95@gmail.com,Piscina,Annuale,2028-03-03,2025-03-21,2026-05-19
209,Marco,Romano,1976-12-11,marco.romano84@icloud.com,Piscina,Mensile,2027-03-10,2025-08-30,2026-05-28
210,Beatrice,Moretti,1964-01-30,beatrice.moretti35@icloud.com,Piscina,Trimestrale,2028-04-21,2025-03-12,2025-05-31
211,Elena,Russo,1970-10-04,elena.russo64@icloud.com,Piscina,Mensile,2026-04-30,2025-11-04,2026-11-18
212,Sara,Colombo,1976-01-29,sara.colombo91@yahoo.com,Piscina,Annuale,2027-12-20,2025-07-09,2027-10-07
213,Riccardo,Gallo,2000-02-08,riccardo.gallo9@gmail.com,Piscina,Annuale,2027-07-25,2025-12-29,2027-06-18
214,Riccardo,Verdi,1957-12-24,riccardo.verdi63@outlook.it,Piscina,Annuale,2028-12-05,2025-10-31,2026-05-02
215,Valentina,Moretti,1958-05-15,valentina.moretti77@gmail.com,Piscina,Trimestrale,2026-07-18,2025-03-18,2027-04-19
216,Elena,Romano,2013-10-06,elena.romano81@yahoo.com,Piscina,Trimestrale,2027-11-06,2026-02-05,2028-05-19
217,Riccardo,Zappa,2014-10-31,riccardo.zappa75@outlook.it,Piscina,Semestrale,2027-08-28,2025-12-03,2027-10-30
218,Giulia,Rossi,1999-09-28,giulia.rossi80@outlook.it,Piscina,Mensile,2026-05-12,2025-02-07,2028-02-04
219,Elena,Conti,2009-07-20,elena.conti21@outlook.it,Piscina,Annuale,2027-08-14,2025-04-23,2027-06-05
220,Riccardo,Piccoli,2014-09-10,riccardo.piccoli76@outlook.it,Piscina,Mensile,2026-08-04,2025-08-02,2028-09-25
221,Alice,Moretti,1962-09-19,alice.moretti63@gmail.com,Piscina,Semestrale,2028-05-23,2025-08-10,2027-03-19
222,Elena,Rossi,1961-08-23,elena.rossi52@gmail.com,Piscina,Semestrale,2027-04-14,2025-05-13,2027-12-28
223,Alice,Zappa,1980-08-31,alice.zappa6@outlook.it,Piscina,Trimestrale,2027-01-16,2025-05-10,2026-06-19
224,Beatrice,Marino,1992-07-21,beatrice.marino92@yahoo.com,Piscina,Trimestrale,2028-06-29,2025-02-01,2026-11-07
225,Giulia,Marino,1950-06-17,giulia.marino74@gmail.com,Piscina,Semestrale,2026-05-01,2025-12-24,2028-11-13
226,Davide,Russo,2014-10-24,davide.russo8@gmail.com,Piscina,Annuale,2027-06-04,2026-02-05,2028-01-25
227,Sara,Gallo,1994-09-05,sara.gallo13@gmail.com,Piscina,Semestrale,2027-05-05,2025-07-19,2027-06-02
228,Marco,Colombo,1946-12-31,marco.colombo20@outlook.it,Piscina,Trimestrale,2027-07-19,2026-01-22,2027-08-08
229,Alessandro,Ferrari,2001-07-15,alessandro.ferrari72@outlook.it,Piscina,Trimestrale,2026-12-16,2025-10-29,2028-12-11
230,Elena,Moretti,1959-08-20,elena.moretti56@icloud.com,Piscina,Annuale,2028-04-17,2025-11-09,2027-05-12
231,Beatrice,Zappa,2014-04-29,beatrice.zappa95@yahoo.com,Piscina,Semestrale,2028-01-18,2025-03-11,2026-11-05
232,Elena,Gallo,1966-03-15,elena.gallo14@yahoo.com,Piscina,Semestrale,2026-08-02,2026-01-19,2028-04-04
233,Beatrice,Russo,1954-07-06,beatrice.russo79@gmail.com,Piscina,Annuale,2026-05-08,2025-08-27,2028-08-03
234,Sara,Moretti,1968-01-01,sara.moretti8@yahoo.com,Piscina,Annuale,2027-10-07,2025-09-25,2025-02-10
235,Giulia,Colombo,1999-09-13,giulia.colombo76@gmail.com,Piscina,Trimestrale,2027-11-12,2025-03-20,2027-07-28
236,Elena,Conti,1955-03-16,elena.conti3@gmail.com,Piscina,Mensile,2027-09-01,2025-09-09,2026-01-16
237,Valentina,Marino,1950-11-07,valentina.marino25@outlook.it,Piscina,Trimestrale,2027-07-13,2025-11-21,2025-02-19
238,Alice,Marino,1973-08-20,alice.marino85@outlook.it,Piscina,Semestrale,2026-07-25,2025-11-18,2027-01-26
239,Beatrice,Gallo,2012-05-20,beatrice.gallo75@gmail.com,Piscina,Annuale,2026-09-07,2025-10-20,2028-06-05
240,Valentina,Conti,2007-01-05,valentina.conti8@gmail.com,Piscina,Semestrale,2028-11-01,2025-07-26,2027-10-21
241,Elena,Piccoli,1982-08-03,elena.piccoli49@icloud.com,Piscina,Semestrale,2028-07-19,2025-12-07,2026-10-05
242,Elena,Moretti,1946-10-23,elena.moretti36@yahoo.com,Piscina,Trimestrale,2028-03-10,2025-02-16,2026-11-25
243,Valentina,Conti,2013-05-06,valentina.conti74@yahoo.com,Piscina,Trimestrale,2027-02-26,2025-04-11,2028-05-07
244,Matteo,Colombo,1978-09-02,matteo.colombo53@icloud.com,Piscina,Mensile,2028-10-13,2025-11-29,2027-10-11
245,Elena,Zappa,1952-07-06,elena.zappa92@outlook.it,Piscina,Annuale,2028-06-19,2025-11-21,2026-05-01
246,Davide,Marino,1972-03-28,davide.marino43@yahoo.com,Piscina,Trimestrale,2026-09-30,2025-03-30,2027-08-17
247,Alice,Moretti,2005-10-14,alice.moretti20@outlook.it,Piscina,Semestrale,2027-09-08,2025-01-18,2026-10-18
248,Davide,Gallo,1968-12-13,davide.gallo55@outlook.it,Piscina,Trimestrale,2028-05-21,2025-03-22,2025-07-02
249,Davide,Ferrari,1986-05-15,davide.ferrari66@icloud.com,Piscina,Trimestrale,2028-11-11,2025-10-15,2027-05-16
250,Elena,Russo,1975-03-24,elena.russo96@outlook.it,Piscina,Trimestrale,2026-12-20,2025-06-24,2026-07-16
251,Chiara,Conti,1977-12-20,chiara.conti24@outlook.it,Piscina,Annuale,2026-04-09,2025-10-03,2025-11-27
252,Cristiano,Ricci,1975-07-18,cristiano.ricci48@icloud.com,Piscina,Semestrale,2027-01-20,2025-05-05,2025-02-11
253,Elena,Bianchi,1994-06-30,elena.bianchi40@gmail.com,Piscina,Trimestrale,2028-12-12,2025-06-15,2027-09-09
254,Riccardo,Gallo,1961-06-30,riccardo.gallo95@icloud.com,Piscina,Annuale,2028-09-21,2025-07-21,2026-11-17
255,Marco,Gallo,2013-11-30,marco.gallo52@gmail.com,Piscina,Mensile,2026-10-12,2025-12-15,2025-09-06
256,Beatrice,Ferrari,1956-12-30,beatrice.ferrari37@outlook.it,Piscina,Trimestrale,2027-07-19,2025-01-15,2025-04-30
257,Riccardo,Moretti,1956-07-04,riccardo.moretti69@yahoo.com,Piscina,Mensile,2027-06-05,2025-11-15,2028-08-23
258,Simone,Zappa,2014-11-09,simone.zappa27@outlook.it,Piscina,Mensile,2026-11-18,2025-05-06,2026-12-26
259,Riccardo,Romano,1975-09-19,riccardo.romano28@yahoo.com,Piscina,Trimestrale,2026-04-30,2025-06-11,2028-03-01
260,Sara,Romano,1953-08-20,sara.romano30@yahoo.com,Piscina,Semestrale,2028-09-05,2025-04-16,2027-05-17
261,Simone,Verdi,1951-01-02,simone.verdi8@icloud.com,Piscina,Semestrale,2026-05-16,2025-12-21,2025-09-01
262,Cristiano,Romano,1955-05-05,cristiano.romano87@yahoo.com,Piscina,Semestrale,2026-02-14,2026-01-24,2025-01-28
263,Riccardo,Ferrari,2012-12-29,riccardo.ferrari94@icloud.com,Piscina,Trimestrale,2026-04-09,2025-04-19,2028-05-28
264,Davide,Conti,2011-02-10,davide.conti48@yahoo.com,Piscina,Semestrale,2028-05-28,2025-08-14,2026-02-03
265,Alice,Gallo,1987-08-13,alice.gallo17@outlook.it,Piscina,Semestrale,2026-10-30,2025-06-04,2025-10-30
266,Alice,Ricci,1993-09-30,alice.ricci39@yahoo.com,Piscina,Mensile,2027-09-18,2025-07-30,2027-09-14
267,Marco,Marino,1982-08-15,marco.marino69@outlook.it,Piscina,Semestrale,2028-01-04,2025-02-09,2025-06-20
268,Alessandro,Colombo,1948-05-16,alessandro.colombo13@gmail.com,Piscina,Annuale,2026-06-30,2025-08-12,2028-09-22
269,Valentina,Romano,1975-10-15,valentina.romano98@yahoo.com,Piscina,Annuale,2026-02-22,2025-08-16,2026-11-11
270,Beatrice,Verdi,1953-01-16,beatrice.verdi3@gmail.com,Piscina,Semestrale,2028-01-04,2025-08-01,2025-03-01
271,Matteo,Bianchi,1990-07-14,matteo.bianchi96@outlook.it,Piscina,Mensile,2028-05-06,2025-08-25,2025-04-12
272,Alice,Bianchi,1993-07-07,alice.bianchi9@yahoo.com,Piscina,Trimestrale,2028-07-23,2025-11-25,2027-04-23
273,Simone,Ricci,1983-04-15,simone.ricci22@gmail.com,Piscina,Mensile,2026-06-02,2025-05-17,2026-05-06
274,Sara,Ricci,1982-01-19,sara.ricci58@outlook.it,Piscina,Mensile,2027-10-24,2025-09-22,2027-01-31
275,Sara,Zappa,1947-09-09,sara.zappa96@yahoo.com,Piscina,Trimestrale,2026-10-28,2025-07-28,2026-06-24
276,Davide,Marino,1977-10-07,davide.marino77@outlook.it,Piscina,Semestrale,2027-01-28,2025-02-10,2027-11-11
277,Giulia,Marino,2011-07-07,giulia.marino98@icloud.com,Piscina,Annuale,2026-05-20,2025-03-29,2027-06-25
278,Alessandro,Bianchi,1949-09-19,alessandro.bianchi92@yahoo.com,Piscina,Annuale,2028-08-15,2025-01-03,2025-06-23
279,Valentina,Verdi,1976-09-07,valentina.verdi50@yahoo.com,Piscina,Semestrale,2028-11-29,2025-05-29,2025-07-08
280,Elena,Romano,1968-11-06,elena.romano99@outlook.it,Piscina,Semestrale,2028-08-28,2026-01-11,2026-10-10
281,Sara,Zappa,1963-04-04,sara.zappa76@icloud.com,Piscina,Semestrale,2028-06-20,2025-01-24,2025-07-04
282,Simone,Verdi,1999-01-28,simone.verdi23@icloud.com,Piscina,Mensile,2028-12-16,2025-08-28,2026-01-22
283,Valentina,Rossi,2001-03-25,valentina.rossi7@outlook.it,Piscina,Mensile,2027-01-07,2026-01-08,2027-04-06
284,Alessandro,Ricci,1957-11-26,alessandro.ricci5@outlook.it,Piscina,Annuale,2026-10-29,2026-01-15,2025-09-02
285,Beatrice,Bianchi,1956-07-08,beatrice.bianchi53@gmail.com,Piscina,Annuale,2026-02-16,2025-11-13,2026-07-08
286,Giulia,Romano,1962-06-06,giulia.romano75@icloud.com,Piscina,Annuale,2027-01-31,2026-01-26,2025-01-24
287,Marco,Ricci,1975-02-08,marco.ricci5@gmail.com,Piscina,Semestrale,2026-04-23,2025-10-11,2025-03-09
288,Simone,Gallo,1994-10-05,simone.gallo69@icloud.com,Piscina,Annuale,2028-01-22,2025-08-26,2027-08-20
289,Matteo,Bianchi,1960-10-30,matteo.bianchi10@yahoo.com,Piscina,Trimestrale,2028-01-17,2025-12-24,2028-04-10
290,Beatrice,Romano,1998-10-17,beatrice.romano71@outlook.it,Piscina,Annuale,2028-03-16,2025-11-04,2027-04-24
291,Alessandro,Ricci,2006-09-22,alessandro.ricci30@outlook.it,Piscina,Semestrale,2028-06-19,2025-04-23,2027-02-01
292,Davide,Conti,1984-01-29,davide.conti23@yahoo.com,Piscina,Mensile,2027-07-16,2025-06-09,2025-12-21
293,Davide,Conti,2012-09-10,davide.conti79@icloud.com,Piscina,Annuale,2027-03-14,2025-10-03,2026-04-14
294,Beatrice,Piccoli,2001-08-27,beatrice.piccoli28@yahoo.com,Piscina,Semestrale,2026-11-19,2025-07-23,2025-09-16
295,Chiara,Ricci,1968-06-26,chiara.ricci74@outlook.it,Piscina,Trimestrale,2027-10-08,2025-09-14,2028-12-14
296,Valentina,Piccoli,1982-12-01,valentina.piccoli81@outlook.it,Piscina,Annuale,2027-01-22,2025-06-04,2027-12-03
297,Cristiano,Colombo,2006-12-14,cristiano.colombo1@gmail.com,Piscina,Mensile,2027-06-28,2025-11-26,2025-06-22
298,Alice,Russo,1989-11-15,alice.russo89@yahoo.com,Piscina,Annuale,2028-07-08,2025-03-17,2026-07-24
299,Elena,Conti,1962-10-03,elena.conti72@icloud.com,Piscina,Annuale,2028-10-04,2025-11-26,2027-10-29
300,Marco,Russo,2001-06-18,marco.russo77@outlook.it,Piscina,Annuale,2026-07-22,2025-03-01,2026-08-23
301,Simone,Moretti,2005-03-29,simone.moretti8@outlook.it,Piscina,Trimestrale,2026-10-24,2025-04-09,2028-02-12
302,Cristiano,Ferrari,1980-10-27,cristiano.ferrari46@gmail.com,Piscina,Semestrale,2026-07-18,2025-12-31,2026-04-04
303,Valentina,Moretti,2012-04-10,valentina.moretti51@yahoo.com,Piscina,Annuale,2026-12-02,2025-05-27,2027-06-23
304,Elena,Piccoli,1954-12-06,elena.piccoli71@icloud.com,Piscina,Mensile,2028-08-09,2025-01-11,2028-07-27
305,Elena,Bianchi,1953-03-25,elena.bianchi45@gmail.com,Piscina,Annuale,2027-12-17,2025-01-21,2028-08-01
306,Sara,Bianchi,2002-08-05,sara.bianchi76@icloud.com,Piscina,Semestrale,2027-11-17,2025-11-20,2027-01-30
307,Simone,Piccoli,1983-12-24,simone.piccoli37@yahoo.com,Piscina,Semestrale,2027-03-07,2025-03-11,2025-11-06
308,Matteo,Gallo,1962-08-14,matteo.gallo39@outlook.it,Piscina,Trimestrale,2026-03-02,2025-08-30,2028-06-21
309,Elena,Romano,2003-03-17,elena.romano44@outlook.it,Piscina,Trimestrale,2027-12-08,2025-01-31,2027-03-10
310,Chiara,Zappa,1977-04-07,chiara.zappa56@yahoo.com,Piscina,Trimestrale,2028-07-28,2025-10-06,2025-02-06
311,Beatrice,Conti,1962-08-14,beatrice.conti88@yahoo.com,Piscina,Trimestrale,2027-02-16,2025-09-21,2027-12-23
312,Chiara,Rossi,2014-12-27,chiara.rossi12@outlook.it,Piscina,Trimestrale,2027-12-18,2025-10-20,2026-01-27
313,Matteo,Gallo,2004-01-14,matteo.gallo42@gmail.com,Piscina,Trimestrale,2026-07-06,2025-01-03,2028-06-26
314,Sara,Verdi,1978-02-25,sara.verdi2@gmail.com,Piscina,Annuale,2026-04-25,2025-03-08,2025-05-09
315,Elena,Ferrari,2000-11-04,elena.ferrari68@outlook.it,Piscina,Trimestrale,2028-11-03,2025-10-29,2025-08-10
316,Elena,Bianchi,1960-02-17,elena.bianchi67@yahoo.com,Piscina,Mensile,2028-04-23,2025-01-16,2025-01-10
317,Sara,Ferrari,1999-09-19,sara.ferrari10@outlook.it,Piscina,Trimestrale,2026-07-01,2025-12-31,2025-06-07
318,Valentina,Romano,1984-06-10,valentina.romano68@yahoo.com,Piscina,Semestrale,2028-03-19,2025-02-18,2026-01-27
319,Riccardo,Ricci,2013-12-09,riccardo.ricci50@gmail.com,Piscina,Annuale,2028-09-15,2025-11-25,2027-10-17
320,Giulia,Piccoli,1993-05-08,giulia.piccoli92@outlook.it,Piscina,Annuale,2028-01-11,2025-04-20,2026-01-27
321,Chiara,Romano,1978-02-19,chiara.romano3@icloud.com,Piscina,Semestrale,2027-04-26,2025-06-02,2025-10-25
322,Matteo,Marino,1979-04-11,matteo.marino31@icloud.com,Piscina,Annuale,2026-08-21,2025-12-30,2026-11-24
323,Chiara,Russo,2005-01-15,chiara.russo34@icloud.com,Piscina,Mensile,2028-03-17,2025-10-15,2026-04-14
324,Simone,Conti,1982-02-27,simone.conti41@yahoo.com,Piscina,Trimestrale,2027-04-08,2025-04-15,2025-03-21
325,Sara,Moretti,2004-04-18,sara.moretti77@yahoo.com,Piscina,Mensile,2028-08-28,2025-04-02,2027-10-18
326,Sara,Russo,1995-07-29,sara.russo52@gmail.com,Piscina,Annuale,2028-09-01,2025-09-24,2025-03-10
327,Matteo,Colombo,1992-02-25,matteo.colombo17@yahoo.com,Piscina,Annuale,2026-04-02,2025-03-10,2028-01-10
328,Beatrice,Marino,1987-07-03,beatrice.marino43@icloud.com,Piscina,Trimestrale,2027-07-15,2025-11-01,2027-05-18
329,Valentina,Marino,1957-12-26,valentina.marino39@gmail.com,Piscina,Mensile,2027-05-06,2025-08-19,2027-01-08
330,Chiara,Verdi,1995-03-19,chiara.verdi32@outlook.it,Piscina,Mensile,2026-05-05,2025-08-18,2027-03-12
331,Simone,Russo,2003-03-21,simone.russo22@yahoo.com,Piscina,Trimestrale,2028-06-17,2026-01-09,2027-03-13
332,Alice,Ricci,1993-01-02,alice.ricci32@gmail.com,Piscina,Semestrale,2027-03-17,2025-03-05,2027-01-17
333,Marco,Zappa,1961-01-10,marco.zappa11@yahoo.com,Piscina,Annuale,2027-02-18,2025-07-18,2028-11-22
334,Valentina,Romano,2014-02-02,valentina.romano21@icloud.com,Piscina,Annuale,2027-03-19,2025-05-27,2027-05-09
335,Davide,Russo,2001-04-11,davide.russo25@yahoo.com,Piscina,Trimestrale,2028-10-03,2025-07-13,2027-01-04
336,Alessandro,Verdi,1987-11-02,alessandro.verdi37@gmail.com,Piscina,Mensile,2027-02-07,2025-08-02,2025-04-05
337,Cristiano,Piccoli,1969-06-29,cristiano.piccoli1@gmail.com,Piscina,Annuale,2027-04-19,2025-12-08,2026-02-01
338,Elena,Marino,1961-11-21,elena.marino19@icloud.com,Piscina,Annuale,2027-01-04,2025-07-25,2028-06-11
339,Alessandro,Piccoli,2010-12-05,alessandro.piccoli3@gmail.com,Piscina,Mensile,2028-12-07,2025-12-09,2025-07-28
340,Alice,Piccoli,1998-12-21,alice.piccoli52@outlook.it,Piscina,Semestrale,2027-09-25,2025-03-08,2028-07-31
341,Matteo,Conti,1985-12-30,matteo.conti52@icloud.com,Piscina,Mensile,2026-11-22,2025-08-20,2028-03-26
342,Riccardo,Conti,2008-01-06,riccardo.conti35@outlook.it,Piscina,Trimestrale,2027-05-06,2026-01-19,2026-05-10
343,Alice,Russo,2002-04-28,alice.russo15@yahoo.com,Piscina,Mensile,2028-02-28,2025-01-23,2028-07-26
344,Matteo,Conti,2011-06-12,matteo.conti26@gmail.com,Piscina,Trimestrale,2028-06-21,2025-07-07,2027-12-28
345,Alice,Romano,1959-05-02,alice.romano88@icloud.com,Piscina,Mensile,2028-06-23,2025-07-23,2026-07-10
346,Alessandro,Rossi,1949-12-09,alessandro.rossi53@outlook.it,Piscina,Mensile,2028-01-02,2025-12-07,2025-08-18
347,Simone,Colombo,1976-05-28,simone.colombo33@gmail.com,Piscina,Semestrale,2028-06-30,2026-02-01,2025-10-27
348,Marco,Verdi,1995-11-11,marco.verdi66@outlook.it,Piscina,Semestrale,2026-12-21,2025-04-14,2026-01-01
349,Chiara,Rossi,2008-08-17,chiara.rossi11@outlook.it,Piscina,Semestrale,2026-03-27,2025-03-19,2027-06-24
350,Beatrice,Romano,1954-05-14,beatrice.romano31@yahoo.com,Piscina,Mensile,2028-07-28,2025-12-30,2026-06-13
351,Davide,Zappa,1996-12-16,davide.zappa75@yahoo.com,Piscina,Annuale,2027-12-06,2025-06-30,2026-07-12
352,Alessandro,Ricci,2005-01-16,alessandro.ricci3@icloud.com,Piscina,Annuale,2027-08-14,2025-03-24,2025-11-25
353,Davide,Verdi,2007-06-05,davide.verdi80@outlook.it,Piscina,Trimestrale,2027-11-29,2025-11-08,2025-02-04
354,Sara,Conti,2008-04-07,sara.conti50@outlook.it,Piscina,Annuale,2028-08-07,2025-10-07,2025-04-11
355,Alessandro,Verdi,1984-05-04,alessandro.verdi46@yahoo.com,Piscina,Trimestrale,2026-11-12,2026-01-11,2025-11-24
356,Alessandro,Verdi,1958-04-25,alessandro.verdi83@yahoo.com,Piscina,Mensile,2026-04-10,2025-09-20,2027-09-24
357,Sara,Piccoli,1967-09-17,sara.piccoli90@outlook.it,Piscina,Annuale,2026-07-11,2025-02-24,2027-04-21
358,Valentina,Romano,2013-06-23,valentina.romano40@outlook.it,Piscina,Semestrale,2027-07-29,2025-12-26,2026-03-05
359,Simone,Zappa,1951-07-17,simone.zappa78@icloud.com,Piscina,Semestrale,2026-09-20,2026-01-18,2025-03-23
360,Elena,Gallo,2011-05-23,elena.gallo44@icloud.com,Piscina,Mensile,2027-05-05,2026-01-13,2026-08-03
361,Matteo,Conti,1981-05-16,matteo.conti52@gmail.com,Piscina,Semestrale,2026-08-05,2025-02-28,2028-04-09
362,Chiara,Moretti,1956-10-05,chiara.moretti21@yahoo.com,Piscina,Trimestrale,2027-02-13,2026-02-02,2025-05-10
363,Simone,Conti,1967-08-31,simone.conti56@gmail.com,Piscina,Annuale,2026-10-01,2025-08-25,2027-03-15
364,Matteo,Conti,1947-09-11,matteo.conti97@gmail.com,Piscina,Annuale,2028-01-31,2025-12-13,2027-07-20
365,Simone,Ricci,1976-01-20,simone.ricci45@outlook.it,Piscina,Mensile,2028-07-24,2025-07-21,2026-05-04
366,Alice,Piccoli,2012-07-29,alice.piccoli63@outlook.it,Piscina,Annuale,2026-06-03,2025-04-11,2025-09-12
367,Alessandro,Marino,1948-11-28,alessandro.marino15@gmail.com,Piscina,Annuale,2028-05-19,2025-03-05,2028-09-27
368,Davide,Russo,2012-06-28,davide.russo69@outlook.it,Piscina,Mensile,2027-11-17,2025-01-04,2027-08-01
369,Elena,Rossi,1974-04-13,elena.rossi29@yahoo.com,Piscina,Trimestrale,2027-09-11,2026-01-04,2027-07-24
370,Beatrice,Ricci,1969-12-12,beatrice.ricci83@yahoo.com,Piscina,Semestrale,2028-06-23,2025-01-05,2028-12-24
371,Marco,Gallo,1961-02-01,marco.gallo18@yahoo.com,Piscina,Annuale,2026-02-28,2025-09-28,2026-02-15
372,Cristiano,Romano,2008-06-28,cristiano.romano92@yahoo.com,Piscina,Trimestrale,2027-08-20,2025-02-05,2025-11-11
373,Simone,Verdi,1996-07-26,simone.verdi89@gmail.com,Piscina,Mensile,2027-10-10,2026-02-01,2025-12-12
374,Cristiano,Russo,1964-05-04,cristiano.russo32@gmail.com,Piscina,Annuale,2026-05-03,2025-08-29,2027-11-19
375,Matteo,Gallo,1954-07-25,matteo.gallo33@icloud.com,Piscina,Trimestrale,2028-09-24,2025-12-19,2027-04-04
376,Giulia,Zappa,1968-08-08,giulia.zappa39@yahoo.com,Piscina,Semestrale,2026-04-05,2025-05-24,2027-04-16
377,Simone,Bianchi,1965-05-17,simone.bianchi22@gmail.com,Piscina,Mensile,2026-02-25,2025-05-20,2027-08-05
378,Valentina,Ferrari,1960-10-12,valentina.ferrari56@gmail.com,Piscina,Annuale,2028-08-10,2025-07-20,2025-01-27
379,Valentina,Rossi,1965-07-02,valentina.rossi61@gmail.com,Piscina,Trimestrale,2026-03-21,2025-10-26,2028-02-26
380,Cristiano,Zappa,1956-09-09,cristiano.zappa14@outlook.it,Piscina,Annuale,2026-10-11,2025-05-05,2027-08-14
381,Marco,Russo,1965-09-27,marco.russo15@yahoo.com,Piscina,Annuale,2026-04-25,2025-08-17,2028-01-25
382,Davide,Ricci,1978-12-02,davide.ricci53@gmail.com,Piscina,Mensile,2027-01-08,2025-12-06,2028-06-17
383,Cristiano,Colombo,1990-10-07,cristiano.colombo82@yahoo.com,Piscina,Annuale,2026-03-24,2026-01-05,2026-09-15
384,Davide,Romano,1995-05-13,davide.romano25@icloud.com,Piscina,Semestrale,2026-09-14,2025-05-16,2027-09-21
385,Elena,Gallo,1965-09-29,elena.gallo74@gmail.com,Piscina,Trimestrale,2028-12-03,2025-04-30,2028-09-22
386,Sara,Zappa,1979-06-16,sara.zappa68@gmail.com,Piscina,Trimestrale,2027-07-30,2025-03-20,2025-10-21
387,Beatrice,Ferrari,1949-11-06,beatrice.ferrari63@icloud.com,Piscina,Semestrale,2027-11-12,2025-07-01,2026-01-26
388,Marco,Zappa,1966-05-16,marco.zappa94@icloud.com,Piscina,Trimestrale,2027-04-08,2025-01-24,2027-06-27
389,Giulia,Bianchi,2000-09-24,giulia.bianchi9@gmail.com,Piscina,Trimestrale,2026-07-01,2025-05-14,2027-01-27
390,Beatrice,Zappa,1960-10-12,beatrice.zappa49@gmail.com,Piscina,Mensile,2026-02-24,2025-11-10,2025-04-25
391,Cristiano,Ricci,1964-06-22,cristiano.ricci29@yahoo.com,Piscina,Mensile,2027-01-31,2025-05-17,2028-05-05
392,Riccardo,Bianchi,2015-02-28,riccardo.bianchi34@yahoo.com,Piscina,Trimestrale,2027-05-26,2025-06-13,2026-01-11
393,Elena,Moretti,1946-11-09,elena.moretti68@gmail.com,Piscina,Annuale,2027-08-03,2025-07-26,2028-04-02
394,Marco,Russo,1959-10-28,marco.russo91@icloud.com,Piscina,Trimestrale,2026-10-28,2025-08-13,2028-11-04
395,Marco,Moretti,1968-06-06,marco.moretti50@gmail.com,Piscina,Semestrale,2026-09-17,2025-02-28,2028-10-21
396,Giulia,Russo,2005-03-25,giulia.russo34@outlook.it,Piscina,Annuale,2028-12-21,2025-10-21,2028-12-20
